{"cameraMode":{"drawMode":0,"name":"Shaded","section":"Shading Mode"},"sceneLighting":true,"audioPlay":false,"sceneViewState":{"m_AlwaysRefresh":true,"showFog":true,"showSkybox":true,"showFlares":true,"showImageEffects":true,"showParticleSystems":true,"showVisualEffectGraphs":true,"m_FxEnabled":true},"in2DMode":false,"pivot":{"x":-27.49310302734375,"y":-6.082511901855469,"z":8.262822151184082},"rotation":{"x":-0.07222221791744232,"y":0.026340767741203309,"z":-0.001907306956127286,"w":-0.9970502257347107},"size":13.75974178314209,"orthographic":false}