{"cameraMode":{"drawMode":0,"name":"Shaded","section":"Shading Mode"},"sceneLighting":false,"audioPlay":false,"sceneViewState":{"m_AlwaysRefresh":false,"showFog":false,"showSkybox":false,"showFlares":false,"showImageEffects":false,"showParticleSystems":false,"showVisualEffectGraphs":true,"m_FxEnabled":true},"in2DMode":false,"pivot":{"x":0.00004851818084716797,"y":0.8209644556045532,"z":0.013475783169269562},"rotation":{"x":0.16736987233161927,"y":-0.6783983707427979,"z":0.16300523281097413,"w":0.6965601444244385},"size":1.2800195217132569,"orthographic":false}